2018-03-09, 20:15:37, 860231000, 860516000, 17812.50, 6156, -25.86, -26.09, -22.64, -26.23, -26.07, -26.27, -26.22, -25.90, -23.35, -23.35, -19.51, -13.97, -9.95, -20.39, -23.65, -24.49, -24.49
2018-03-09, 20:15:38, 860231000, 860516000, 17812.50, 157491, -25.65, -25.91, -22.75, -26.00, -26.20, -26.22, -26.17, -25.78, -23.56, -23.56, -19.42, -13.31, -10.43, -20.26, -18.08, -24.13, -24.13
2018-03-09, 20:15:39, 860231000, 860516000, 17812.50, 159543, -25.87, -26.02, -22.63, -26.13, -26.39, -26.30, -26.20, -25.82, -23.54, -23.54, -19.43, -12.97, -10.27, -20.39, -23.65, -24.91, -24.91
2018-03-09, 20:15:40, 860231000, 860516000, 17812.50, 160056, -25.98, -26.07, -22.67, -26.10, -26.38, -26.30, -26.26, -25.86, -23.74, -23.74, -19.55, -13.14, -10.55, -20.55, -23.74, -24.81, -24.81
2018-03-09, 20:15:41, 860231000, 860516000, 17812.50, 160056, -25.26, -25.42, -22.39, -24.02, -17.93, -18.89, -23.97, -24.89, -23.13, -23.13, -19.23, -12.75, -9.97, -20.04, -23.22, -24.20, -24.20
2018-03-09, 20:15:42, 860231000, 860516000, 17812.50, 160569, -24.79, -24.92, -21.94, -23.87, -17.82, -18.96, -23.80, -24.41, -22.31, -22.31, -18.35, -11.52, -8.47, -18.70, -22.25, -23.56, -23.56
2018-03-09, 20:15:43, 860231000, 860516000, 17812.50, 160056, -26.13, -26.03, -22.17, -24.35, -17.75, -18.91, -24.72, -25.66, -24.42, -24.42, -20.38, -15.16, -12.39, -21.85, -24.59, -25.11, -25.11
2018-03-09, 20:15:44, 860231000, 860516000, 17812.50, 146718, -27.29, -26.82, -22.49, -24.69, -17.69, -18.84, -25.15, -26.47, -26.19, -26.19, -19.00, -22.40, -26.57, -26.98, -27.24, -26.58, -26.58
2018-03-09, 20:15:45, 860231000, 860516000, 17812.50, 160569, -27.29, -26.79, -22.45, -24.78, -17.85, -18.95, -25.12, -26.50, -26.51, -26.51, -22.57, -22.76, -26.67, -27.00, -27.28, -27.06, -27.06
2018-03-09, 20:15:46, 860231000, 860516000, 17812.50, 160056, -27.35, -26.79, -22.41, -24.90, -17.95, -19.03, -25.31, -26.51, -26.52, -26.52, -22.58, -22.73, -26.75, -27.09, -27.35, -27.45, -27.45
2018-03-09, 20:15:47, 860231000, 860516000, 17812.50, 160056, -27.37, -26.75, -22.46, -24.91, -17.98, -19.01, -25.17, -26.48, -26.38, -26.38, -22.54, -22.69, -26.63, -26.97, -27.26, -27.39, -27.39
2018-03-09, 20:15:48, 860231000, 860516000, 17812.50, 160056, -26.95, -26.57, -22.61, -24.62, -17.69, -18.74, -24.95, -26.29, -26.29, -26.29, -22.39, -22.57, -25.37, -26.46, -18.80, -26.22, -26.22
2018-03-09, 20:15:49, 860231000, 860516000, 17812.50, 159543, -27.42, -26.77, -22.65, -24.74, -17.57, -18.63, -25.06, -26.47, -26.46, -26.46, -22.43, -22.58, -25.34, -27.09, -27.37, -27.20, -27.20
2018-03-09, 20:15:50, 860231000, 860516000, 17812.50, 160056, -27.53, -26.93, -22.65, -24.75, -17.68, -18.76, -25.24, -26.57, -26.34, -26.34, -22.51, -22.68, -25.40, -27.12, -27.56, -26.86, -26.86
2018-03-09, 20:15:51, 860231000, 860516000, 17812.50, 159543, -27.60, -26.95, -22.68, -24.87, -17.70, -18.76, -24.77, -26.48, -26.41, -26.41, -22.52, -22.64, -25.36, -27.13, -27.52, -27.62, -27.62
2018-03-09, 20:15:52, 860231000, 860516000, 17812.50, 160056, -27.57, -26.97, -22.69, -24.88, -17.75, -18.77, -24.85, -26.55, -26.41, -26.41, -22.49, -22.65, -26.47, -27.17, -27.54, -27.63, -27.63
2018-03-09, 20:15:53, 860231000, 860516000, 17812.50, 159543, -27.61, -26.92, -22.70, -24.94, -17.79, -18.91, -25.24, -26.55, -26.46, -26.46, -22.56, -22.68, -26.70, -27.04, -27.50, -27.64, -27.64
2018-03-09, 20:15:54, 860231000, 860516000, 17812.50, 159543, -27.60, -26.94, -22.66, -24.88, -17.70, -18.74, -25.22, -26.57, -26.18, -26.18, -18.59, -22.27, -25.55, -27.00, -27.45, -27.66, -27.66
2018-03-09, 20:15:55, 860231000, 860516000, 17812.50, 160056, -27.69, -27.05, -22.65, -25.07, -18.03, -19.09, -25.33, -26.74, -26.73, -26.73, -22.70, -22.80, -25.51, -27.17, -27.66, -27.77, -27.77
2018-03-09, 20:15:56, 860231000, 860516000, 17812.50, 160056, -28.09, -27.45, -22.70, -25.91, -19.51, -20.53, -26.20, -27.37, -27.05, -27.05, -22.84, -22.95, -25.70, -27.39, -27.90, -28.08, -28.08
2018-03-09, 20:15:57, 860231000, 860516000, 17812.50, 160056, -28.00, -27.39, -22.90, -25.30, -17.78, -19.05, -25.60, -26.99, -26.97, -26.97, -22.77, -22.92, -25.60, -27.37, -27.89, -27.99, -27.99
2018-03-09, 20:15:58, 860231000, 860516000, 17812.50, 160056, -27.82, -27.30, -23.04, -25.31, -17.77, -19.12, -25.68, -27.02, -26.87, -26.87, -22.74, -22.92, -26.16, -27.12, -19.14, -27.23, -27.23
2018-03-09, 20:15:59, 860231000, 860516000, 17812.50, 160569, -28.01, -27.41, -23.05, -25.36, -17.79, -19.23, -25.75, -27.08, -27.02, -27.02, -22.81, -22.88, -25.60, -27.31, -27.90, -28.03, -28.03
2018-03-09, 20:16:00, 860231000, 860516000, 17812.50, 160056, -28.22, -27.39, -21.69, -25.49, -17.93, -19.42, -25.86, -27.28, -27.27, -27.27, -22.94, -23.10, -26.26, -27.64, -28.12, -28.09, -28.09
2018-03-09, 20:16:01, 860231000, 860516000, 17812.50, 160056, -28.36, -27.44, -21.59, -25.44, -17.66, -19.15, -25.39, -27.20, -27.34, -27.34, -23.06, -23.21, -26.87, -27.90, -28.32, -28.35, -28.35
2018-03-09, 20:16:02, 860231000, 860516000, 17812.50, 159543, -28.54, -27.87, -23.47, -25.71, -17.91, -19.29, -25.59, -27.52, -27.62, -27.62, -23.58, -23.68, -27.37, -28.11, -28.42, -28.58, -28.58
2018-03-09, 20:16:03, 860231000, 860516000, 17812.50, 160569, -28.49, -27.80, -23.47, -25.62, -17.89, -19.17, -25.95, -27.47, -27.57, -27.57, -23.53, -23.71, -26.23, -27.95, -28.46, -28.51, -28.51
2018-03-09, 20:16:04, 860231000, 860516000, 17812.50, 159543, -28.46, -27.80, -23.31, -25.55, -17.82, -19.13, -25.91, -27.39, -26.88, -26.88, -18.44, -22.98, -25.89, -27.67, -28.29, -28.45, -28.45
2018-03-09, 20:16:05, 860231000, 860516000, 17812.50, 160056, -28.36, -27.68, -23.23, -25.59, -17.83, -19.17, -25.86, -27.38, -27.40, -27.40, -23.45, -23.64, -26.09, -27.85, -28.25, -28.40, -28.40
2018-03-09, 20:16:06, 860231000, 860516000, 17812.50, 160569, -28.29, -27.60, -23.07, -25.42, -17.76, -19.06, -25.75, -27.32, -27.33, -27.33, -23.49, -23.56, -26.15, -27.80, -28.21, -28.33, -28.33
2018-03-09, 20:16:07, 860231000, 860516000, 17812.50, 160056, -28.14, -27.49, -23.19, -25.34, -17.57, -18.93, -25.72, -27.14, -27.00, -27.00, -23.34, -23.42, -25.97, -27.61, -28.05, -28.23, -28.23
2018-03-09, 20:16:08, 860231000, 860516000, 17812.50, 160569, -27.95, -27.37, -23.14, -25.28, -17.57, -18.93, -25.63, -27.09, -27.00, -27.00, -23.33, -23.39, -25.78, -27.17, -19.63, -27.46, -27.46
2018-03-09, 20:16:09, 860231000, 860516000, 17812.50, 160569, -28.10, -27.45, -23.18, -25.35, -17.60, -18.93, -25.66, -27.19, -27.01, -27.01, -23.30, -23.43, -25.99, -27.53, -28.06, -28.21, -28.21
2018-03-09, 20:16:10, 860231000, 860516000, 17812.50, 160056, -27.77, -27.26, -23.07, -25.10, -17.58, -18.84, -25.44, -26.85, -26.41, -26.41, -22.68, -20.22, -18.91, -25.77, -27.30, -27.52, -27.52
2018-03-09, 20:16:11, 860231000, 860516000, 17812.50, 160056, -26.40, -26.25, -22.59, -24.67, -17.46, -18.75, -24.57, -25.76, -24.12, -24.12, -20.28, -13.85, -11.20, -21.25, -24.38, -25.80, -25.80
2018-03-09, 20:16:12, 860231000, 860516000, 17812.50, 160056, -26.44, -26.25, -22.51, -24.15, -17.39, -18.72, -24.51, -25.73, -24.26, -24.26, -20.38, -13.72, -11.20, -21.45, -24.52, -25.86, -25.86
2018-03-09, 20:16:13, 860231000, 860516000, 17812.50, 160056, -26.11, -26.07, -22.33, -23.93, -17.45, -18.80, -24.75, -25.66, -23.98, -23.98, -20.16, -13.80, -10.94, -20.81, -19.67, -25.27, -25.27
2018-03-09, 20:16:14, 860231000, 860516000, 17812.50, 106191, -25.08, -25.41, -22.28, -23.57, -17.53, -18.66, -24.32, -25.08, -22.95, -22.95, -15.32, -12.55, -9.82, -19.61, -11.86, -22.77, -22.77
2018-03-09, 20:16:15, 860231000, 860516000, 17812.50, 160569, -25.23, -25.59, -22.81, -23.70, -17.78, -18.80, -24.49, -25.31, -23.30, -23.30, -19.26, -12.28, -9.44, -19.43, -11.81, -23.04, -23.04
2018-03-09, 20:16:16, 860231000, 860516000, 17812.50, 160056, -25.16, -25.74, -22.53, -24.86, -21.96, -22.90, -25.86, -25.71, -23.19, -23.19, -19.07, -12.13, -9.15, -19.08, -11.78, -22.62, -22.62
2018-03-09, 20:16:17, 860231000, 860516000, 17812.50, 159030, -25.16, -25.54, -22.41, -24.30, -17.84, -18.98, -24.64, -25.31, -23.18, -23.18, -19.16, -12.34, -9.28, -19.19, -11.80, -22.89, -22.89
2018-03-09, 20:16:18, 860231000, 860516000, 17812.50, 159543, -25.49, -25.79, -22.49, -24.55, -17.90, -18.91, -24.72, -25.60, -23.69, -23.69, -19.66, -13.11, -10.09, -19.83, -11.84, -23.28, -23.28
2018-03-09, 20:16:19, 860231000, 860516000, 17812.50, 160569, -28.67, -28.13, -23.36, -26.51, -20.23, -21.27, -26.94, -27.97, -27.73, -27.73, -23.52, -23.62, -27.06, -27.84, -23.39, -28.42, -28.42
2018-03-09, 20:16:20, 860231000, 860516000, 17812.50, 159030, -27.22, -27.25, -23.22, -27.50, -27.65, -27.52, -27.52, -27.15, -24.95, -24.95, -20.73, -14.68, -11.90, -21.81, -25.04, -26.43, -26.43
2018-03-09, 20:16:21, 860231000, 860516000, 17812.50, 160569, -25.70, -25.87, -22.60, -24.70, -18.22, -19.34, -24.40, -25.29, -23.05, -23.05, -19.03, -11.97, -8.94, -19.31, -23.01, -24.84, -24.84
2018-03-09, 20:16:22, 860231000, 860516000, 17812.50, 160056, -25.74, -25.83, -22.68, -24.56, -17.84, -18.90, -24.20, -25.15, -23.06, -23.06, -19.03, -11.99, -9.02, -19.41, -23.03, -24.81, -24.81
2018-03-09, 20:16:23, 860231000, 860516000, 17812.50, 160056, -25.66, -25.78, -22.29, -24.47, -17.84, -18.85, -24.49, -25.21, -23.07, -23.07, -19.05, -11.96, -9.01, -19.35, -22.99, -24.83, -24.83
2018-03-09, 20:16:24, 860231000, 860516000, 17812.50, 160569, -26.05, -26.00, -22.49, -24.45, -17.53, -18.50, -24.51, -25.37, -23.52, -23.52, -17.52, -13.06, -10.15, -20.30, -23.72, -25.32, -25.32
2018-03-09, 20:16:25, 860231000, 860516000, 17812.50, 159543, -25.17, -25.55, -22.19, -24.27, -17.52, -18.57, -24.44, -25.27, -23.33, -23.33, -19.35, -12.68, -9.74, -19.50, -11.71, -22.86, -22.86
2018-03-09, 20:16:26, 860231000, 860516000, 17812.50, 160569, -25.31, -25.64, -22.25, -24.50, -18.06, -19.10, -24.72, -25.45, -23.60, -23.60, -19.62, -13.13, -10.09, -19.76, -11.83, -22.83, -22.83
2018-03-09, 20:16:27, 860231000, 860516000, 17812.50, 150309, -25.90, -26.36, -22.88, -26.76, -27.01, -26.87, -26.82, -26.46, -24.14, -24.14, -20.06, -13.66, -10.68, -20.32, -12.29, -23.71, -23.71
2018-03-09, 20:16:28, 860231000, 860516000, 17812.50, 160056, -28.62, -28.07, -23.34, -28.13, -28.37, -28.19, -28.41, -28.38, -27.10, -27.10, -23.00, -20.89, -20.26, -26.56, -27.92, -28.35, -28.35
2018-03-09, 20:16:29, 860231000, 860516000, 17812.50, 160056, -26.38, -26.48, -22.97, -26.87, -27.00, -26.83, -26.80, -26.33, -23.74, -23.74, -19.74, -13.09, -10.19, -20.37, -23.85, -25.50, -25.50
2018-03-09, 20:16:30, 860231000, 860516000, 17812.50, 157491, -26.35, -26.51, -23.09, -26.84, -26.98, -26.80, -26.79, -26.31, -23.79, -23.79, -19.66, -12.95, -10.07, -20.31, -23.83, -25.40, -25.40
2018-03-09, 20:16:31, 860231000, 860516000, 17812.50, 160056, -26.31, -26.49, -22.78, -26.80, -26.93, -26.76, -26.34, -26.22, -23.74, -23.74, -19.63, -12.96, -9.99, -20.18, -23.67, -25.43, -25.43
2018-03-09, 20:16:32, 860231000, 860516000, 17812.50, 159543, -26.50, -26.61, -22.91, -26.88, -27.07, -26.88, -26.34, -26.41, -24.01, -24.01, -19.85, -13.03, -10.28, -20.50, -23.93, -25.62, -25.62
2018-03-09, 20:16:33, 860231000, 860516000, 17812.50, 160056, -26.61, -26.74, -23.04, -26.99, -27.16, -26.95, -26.88, -26.47, -24.08, -24.08, -19.93, -13.11, -10.46, -20.77, -24.16, -25.73, -25.73
2018-03-09, 20:16:34, 860231000, 860516000, 17812.50, 159543, -26.45, -26.61, -22.87, -26.94, -27.01, -26.91, -26.81, -26.42, -23.78, -23.78, -17.76, -13.01, -10.29, -20.54, -24.01, -25.63, -25.63
2018-03-09, 20:16:35, 860231000, 860516000, 17812.50, 160056, -26.45, -26.58, -22.85, -26.89, -27.11, -26.89, -26.78, -26.38, -23.97, -23.97, -19.82, -13.17, -10.27, -20.38, -23.91, -25.56, -25.56
2018-03-09, 20:16:36, 860231000, 860516000, 17812.50, 159543, -26.51, -26.56, -22.99, -26.92, -27.09, -26.89, -26.87, -26.54, -24.05, -24.05, -19.88, -13.31, -10.36, -20.46, -23.94, -25.58, -25.58
2018-03-09, 20:16:37, 860231000, 860516000, 17812.50, 160569, -27.22, -26.99, -23.02, -25.96, -20.27, -21.08, -26.11, -26.82, -25.49, -25.49, -21.41, -16.30, -13.64, -22.88, -19.24, -26.29, -26.29
2018-03-09, 20:16:38, 860231000, 860516000, 17812.50, 160569, -28.23, -27.54, -23.05, -25.21, -17.69, -18.84, -25.51, -27.15, -27.25, -27.25, -23.38, -23.57, -27.53, -27.76, -28.20, -28.26, -28.26
2018-03-09, 20:16:39, 860231000, 860516000, 17812.50, 160056, -28.20, -27.54, -23.01, -25.30, -17.74, -18.89, -25.62, -27.19, -27.35, -27.35, -23.43, -23.61, -27.58, -27.82, -28.20, -28.35, -28.35
2018-03-09, 20:16:40, 860231000, 860516000, 17812.50, 160056, -28.15, -27.54, -23.03, -25.20, -17.84, -18.87, -25.54, -27.14, -27.26, -27.26, -23.38, -23.55, -27.46, -27.73, -28.13, -27.99, -27.99
2018-03-09, 20:16:41, 860231000, 860516000, 17812.50, 159030, -28.21, -27.39, -22.79, -25.21, -17.72, -18.88, -25.25, -27.04, -27.17, -27.17, -23.32, -23.46, -27.45, -27.72, -28.16, -28.31, -28.31
2018-03-09, 20:16:42, 860231000, 860516000, 17812.50, 160569, -26.30, -26.39, -22.83, -26.76, -26.73, -26.60, -26.14, -26.17, -23.64, -23.64, -19.55, -12.80, -9.91, -20.13, -23.65, -25.35, -25.35
2018-03-09, 20:16:43, 860231000, 860516000, 17812.50, 160056, -26.01, -26.18, -22.72, -26.67, -26.78, -26.64, -26.52, -25.98, -23.27, -23.27, -19.18, -12.44, -9.38, -19.63, -23.28, -25.02, -25.02
2018-03-09, 20:16:44, 860231000, 860516000, 17812.50, 160056, -25.95, -26.17, -22.42, -26.46, -25.65, -25.81, -26.27, -25.79, -22.94, -22.94, -16.65, -12.27, -9.29, -19.53, -23.17, -24.99, -24.99
2018-03-09, 20:16:45, 860231000, 860516000, 17812.50, 160569, -25.80, -25.71, -22.14, -24.34, -17.54, -18.66, -24.50, -25.27, -23.30, -23.30, -19.34, -12.30, -9.54, -19.97, -23.43, -25.02, -25.02
2018-03-09, 20:16:46, 860231000, 860516000, 17812.50, 160056, -25.74, -25.66, -22.22, -24.21, -17.34, -18.41, -24.28, -25.14, -23.19, -23.19, -19.22, -12.53, -9.54, -19.68, -23.27, -24.91, -24.91
2018-03-09, 20:16:47, 860231000, 860516000, 17812.50, 160056, -25.45, -25.66, -22.42, -25.27, -20.77, -21.77, -25.32, -25.30, -22.74, -22.74, -18.74, -11.64, -8.57, -18.84, -18.41, -24.24, -24.24
2018-03-09, 20:16:48, 860231000, 860516000, 17812.50, 159543, -25.86, -26.04, -22.46, -25.43, -25.82, -26.40, -26.33, -25.81, -23.11, -23.11, -19.03, -11.98, -8.95, -19.30, -22.98, -24.90, -24.90
2018-03-09, 20:16:49, 860231000, 860516000, 17812.50, 160569, -25.54, -25.71, -22.05, -23.82, -17.99, -19.08, -24.45, -25.13, -22.93, -22.93, -18.90, -11.63, -8.78, -19.23, -22.91, -24.71, -24.71
2018-03-09, 20:16:50, 860231000, 860516000, 17812.50, 160056, -25.49, -25.65, -22.08, -23.66, -17.56, -18.88, -24.41, -25.08, -22.91, -22.91, -18.94, -11.67, -8.75, -19.14, -22.82, -24.54, -24.54
2018-03-09, 20:16:51, 860231000, 860516000, 17812.50, 160056, -25.51, -25.55, -22.10, -23.62, -17.64, -18.72, -24.11, -24.96, -22.82, -22.82, -18.84, -11.80, -8.76, -19.09, -22.78, -24.57, -24.57
2018-03-09, 20:16:52, 860231000, 860516000, 17812.50, 160056, -25.61, -25.78, -22.44, -24.29, -19.60, -20.74, -24.78, -25.30, -22.96, -22.96, -18.91, -11.80, -8.74, -19.06, -22.76, -24.63, -24.63
2018-03-09, 20:16:53, 860231000, 860516000, 17812.50, 160056, -26.44, -26.59, -22.83, -25.76, -26.15, -26.92, -26.88, -26.43, -23.93, -23.93, -19.75, -13.21, -10.18, -20.32, -23.85, -25.62, -25.62
2018-03-09, 20:16:54, 860231000, 860516000, 17812.50, 160569, -25.85, -25.94, -22.59, -24.32, -19.29, -20.32, -25.07, -25.46, -23.07, -23.07, -17.12, -12.32, -9.32, -19.57, -23.21, -24.92, -24.92
2018-03-09, 20:16:55, 860231000, 860516000, 17812.50, 159543, -25.72, -25.72, -22.29, -23.68, -17.43, -18.69, -24.43, -25.19, -23.14, -23.14, -19.08, -11.74, -9.02, -19.58, -23.15, -24.86, -24.86
2018-03-09, 20:16:56, 860231000, 860516000, 17812.50, 160569, -25.60, -25.69, -22.14, -23.59, -17.52, -18.66, -24.37, -25.12, -23.04, -23.04, -18.98, -11.73, -8.94, -19.43, -23.03, -24.72, -24.72
2018-03-09, 20:16:57, 860231000, 860516000, 17812.50, 160056, -25.36, -25.54, -22.14, -23.62, -17.67, -18.77, -24.33, -25.08, -22.98, -22.98, -18.95, -11.85, -8.87, -19.11, -16.05, -23.97, -23.97
2018-03-09, 20:16:58, 860231000, 860516000, 17812.50, 160569, -24.96, -25.36, -22.18, -23.61, -17.67, -18.86, -24.34, -25.07, -22.86, -22.86, -18.85, -11.68, -8.80, -18.90, -11.97, -22.73, -22.73
2018-03-09, 20:16:59, 860231000, 860516000, 17812.50, 160056, -24.86, -25.26, -22.19, -23.57, -17.63, -18.85, -24.35, -24.99, -22.83, -22.83, -18.84, -11.84, -8.78, -18.75, -11.96, -22.56, -22.56
2018-03-09, 20:17:00, 860231000, 860516000, 17812.50, 160056, -24.79, -25.28, -22.22, -23.51, -17.63, -18.80, -24.26, -24.97, -22.77, -22.77, -18.82, -11.74, -8.70, -18.70, -11.97, -22.54, -22.54
2018-03-09, 20:17:01, 860231000, 860516000, 17812.50, 160056, -25.86, -26.11, -22.51, -23.98, -17.82, -18.94, -24.69, -25.84, -24.39, -24.39, -20.41, -14.42, -11.54, -20.83, -12.08, -23.79, -23.79
2018-03-09, 20:17:02, 860231000, 860516000, 17812.50, 160569, -28.28, -27.62, -22.98, -24.54, -17.88, -19.07, -25.28, -27.21, -27.44, -27.44, -23.52, -23.67, -27.62, -27.79, -24.37, -28.26, -28.26
2018-03-09, 20:17:03, 860231000, 860516000, 17812.50, 160056, -26.68, -26.53, -22.66, -24.16, -17.82, -19.18, -25.14, -26.12, -24.65, -24.65, -20.67, -14.61, -11.80, -21.57, -24.70, -26.15, -26.15
2018-03-09, 20:17:04, 860231000, 860516000, 17812.50, 160056, -25.49, -25.61, -22.23, -23.68, -17.76, -18.93, -24.40, -25.07, -22.75, -22.75, -17.24, -11.87, -8.85, -19.10, -22.80, -24.64, -24.64
2018-03-09, 20:17:05, 860231000, 860516000, 17812.50, 160569, -25.29, -25.35, -22.14, -23.58, -17.55, -18.72, -24.29, -24.92, -22.63, -22.63, -18.59, -11.48, -8.40, -18.77, -22.52, -24.40, -24.40
2018-03-09, 20:17:06, 860231000, 860516000, 17812.50, 159543, -25.24, -25.40, -22.26, -23.66, -17.74, -18.83, -24.19, -24.82, -22.54, -22.54, -18.52, -11.36, -8.26, -18.62, -22.36, -24.24, -24.24
2018-03-09, 20:17:07, 860231000, 860516000, 17812.50, 161082, -25.38, -25.64, -22.45, -23.70, -17.67, -18.92, -24.37, -25.00, -22.78, -22.78, -18.76, -11.73, -8.61, -18.93, -22.65, -24.48, -24.48
2018-03-09, 20:17:08, 860231000, 860516000, 17812.50, 160056, -26.04, -26.09, -22.64, -24.24, -17.87, -19.17, -24.88, -25.54, -23.64, -23.64, -19.67, -12.99, -10.04, -20.17, -23.63, -25.28, -25.28
2018-03-09, 20:17:09, 860231000, 860516000, 17812.50, 159030, -28.52, -27.84, -23.08, -25.62, -18.07, -19.32, -25.96, -27.46, -27.55, -27.55, -23.50, -23.67, -27.73, -28.14, -28.41, -28.51, -28.51
2018-03-09, 20:17:10, 860231000, 860516000, 17812.50, 160056, -28.37, -27.71, -22.93, -25.40, -17.90, -18.98, -25.71, -27.39, -27.55, -27.55, -23.41, -23.65, -27.74, -28.13, -28.47, -28.37, -28.37
2018-03-09, 20:17:11, 860231000, 860516000, 17812.50, 159030, -28.36, -27.70, -22.87, -25.65, -18.12, -19.35, -25.74, -27.44, -27.60, -27.60, -23.53, -23.65, -27.59, -27.69, -19.92, -27.83, -27.83
2018-03-09, 20:17:12, 860231000, 860516000, 17812.50, 159543, -28.41, -27.78, -23.33, -25.87, -18.88, -20.02, -25.72, -27.31, -27.38, -27.38, -23.24, -23.45, -27.44, -27.72, -28.18, -28.39, -28.39
2018-03-09, 20:17:13, 860231000, 860516000, 17812.50, 159543, -28.29, -27.59, -22.39, -26.07, -19.57, -20.65, -26.40, -27.54, -27.38, -27.38, -23.42, -23.56, -27.39, -27.70, -28.20, -28.33, -28.33
2018-03-09, 20:17:14, 860231000, 860516000, 17812.50, 160569, -27.87, -27.22, -22.35, -25.58, -18.90, -20.12, -25.89, -26.96, -26.32, -26.32, -18.39, -22.50, -26.73, -27.20, -27.69, -27.82, -27.82
2018-03-09, 20:17:15, 860231000, 860516000, 17812.50, 159543, -27.35, -26.73, -22.04, -25.24, -18.51, -19.74, -25.48, -26.63, -26.51, -26.51, -22.67, -22.78, -26.60, -26.86, -27.25, -27.41, -27.41
2018-03-09, 20:17:16, 860231000, 860516000, 17812.50, 160056, -27.49, -26.88, -21.92, -25.16, -18.43, -19.57, -25.45, -26.66, -26.50, -26.50, -22.66, -22.81, -26.50, -27.02, -27.38, -27.54, -27.54
2018-03-09, 20:17:17, 860231000, 860516000, 17812.50, 160056, -26.10, -25.85, -21.54, -24.52, -18.15, -19.19, -24.80, -25.61, -24.25, -24.25, -20.20, -14.61, -11.82, -21.46, -24.39, -25.62, -25.62
2018-03-09, 20:17:18, 860231000, 860516000, 17812.50, 160056, -25.08, -25.15, -21.19, -24.99, -21.34, -22.20, -25.00, -24.82, -22.49, -22.49, -18.36, -11.27, -8.43, -18.91, -22.45, -24.18, -24.18
2018-03-09, 20:17:19, 860231000, 860516000, 17812.50, 158517, -25.82, -25.64, -21.38, -24.50, -18.49, -19.50, -24.66, -25.32, -23.52, -23.52, -19.18, -13.32, -10.53, -20.54, -23.76, -25.25, -25.25
2018-03-09, 20:17:20, 860231000, 860516000, 17812.50, 159543, -26.34, -26.08, -21.37, -24.65, -18.07, -19.29, -24.88, -25.64, -23.48, -23.48, -14.63, -14.09, -11.56, -21.28, -24.37, -25.62, -25.62
2018-03-09, 20:17:21, 860231000, 860516000, 17812.50, 159543, -26.48, -26.17, -21.51, -24.63, -17.89, -19.12, -24.74, -25.94, -24.74, -24.74, -20.17, -15.57, -13.29, -22.47, -17.52, -25.50, -25.50
2018-03-09, 20:17:22, 860231000, 860516000, 17812.50, 160569, -25.60, -25.37, -20.85, -24.19, -17.71, -19.01, -23.93, -24.98, -23.24, -23.24, -19.08, -12.79, -9.92, -19.94, -23.27, -24.82, -24.82
2018-03-09, 20:17:23, 860231000, 860516000, 17812.50, 159543, -25.72, -25.43, -20.77, -24.23, -17.92, -18.97, -24.46, -25.19, -23.50, -23.50, -19.28, -13.34, -10.54, -20.50, -23.64, -25.09, -25.09
2018-03-09, 20:17:24, 860231000, 860516000, 17812.50, 159543, -25.62, -25.38, -20.62, -24.25, -17.92, -18.97, -24.35, -25.00, -22.85, -22.85, -14.44, -13.40, -10.64, -20.45, -23.58, -24.98, -24.98
2018-03-09, 20:17:25, 860231000, 860516000, 17812.50, 160056, -25.10, -25.07, -20.42, -24.01, -17.64, -18.73, -24.22, -25.07, -23.44, -23.44, -19.25, -13.49, -10.72, -20.20, -12.53, -23.31, -23.31
2018-03-09, 20:17:26, 860231000, 860516000, 17812.50, 159030, -24.98, -25.00, -20.12, -24.07, -17.49, -18.84, -24.38, -25.21, -23.83, -23.83, -19.68, -14.40, -11.69, -20.57, -10.60, -22.48, -22.48
2018-03-09, 20:17:27, 860231000, 860516000, 17812.50, 159543, -26.08, -26.03, -20.89, -24.62, -17.74, -19.09, -25.16, -26.30, -25.92, -25.92, -21.50, -20.33, -20.36, -23.94, -10.61, -23.39, -23.39
2018-03-09, 20:17:28, 860231000, 860516000, 17812.50, 160056, -26.44, -26.26, -21.19, -25.11, -18.87, -20.03, -25.55, -26.67, -26.31, -26.31, -21.67, -21.82, -25.83, -24.80, -10.65, -23.85, -23.85
2018-03-09, 20:17:29, 860231000, 860516000, 17812.50, 160056, -27.60, -27.09, -21.81, -26.66, -23.72, -24.38, -26.85, -26.78, -23.73, -23.73, -11.17, -19.07, -24.89, -26.19, -27.02, -27.43, -27.43
2018-03-09, 20:17:30, 860231000, 860516000, 17812.50, 160569, -28.07, -27.44, -21.99, -26.27, -20.72, -21.78, -26.74, -27.48, -26.87, -26.87, -21.16, -22.19, -26.97, -27.47, -27.91, -27.91, -27.91
2018-03-09, 20:17:31, 860231000, 860516000, 17812.50, 160056, -27.87, -27.13, -22.06, -25.62, -18.89, -20.59, -25.97, -27.05, -26.65, -26.65, -21.97, -22.11, -26.88, -27.26, -27.64, -27.87, -27.87
2018-03-09, 20:17:32, 860231000, 860516000, 17812.50, 159543, -27.75, -26.98, -21.59, -25.40, -18.97, -20.09, -25.12, -26.73, -26.54, -26.54, -21.90, -22.06, -26.71, -27.17, -27.54, -27.75, -27.75
2018-03-09, 20:17:33, 860231000, 860516000, 17812.50, 160056, -27.72, -26.99, -21.44, -25.74, -19.85, -20.93, -26.08, -27.01, -26.52, -26.52, -21.79, -21.98, -26.68, -27.03, -27.52, -27.71, -27.71
2018-03-09, 20:17:34, 860231000, 860516000, 17812.50, 160056, -27.20, -26.90, -21.41, -26.63, -23.77, -24.30, -26.87, -27.04, -24.73, -24.73, -13.35, -20.35, -25.45, -25.64, -14.52, -25.56, -25.56
2018-03-09, 20:17:35, 860231000, 860516000, 17812.50, 160056, -26.27, -26.33, -21.47, -25.09, -18.73, -20.09, -25.68, -26.74, -26.28, -26.28, -21.78, -21.86, -25.85, -24.60, -10.47, -23.34, -23.34
2018-03-09, 20:17:36, 860231000, 860516000, 17812.50, 158517, -26.38, -26.44, -21.44, -25.09, -18.65, -19.82, -25.61, -26.77, -26.38, -26.38, -21.68, -21.84, -25.79, -24.69, -10.33, -23.55, -23.55
2018-03-09, 20:17:37, 860231000, 860516000, 17812.50, 159543, -26.40, -26.42, -21.59, -25.22, -18.91, -20.15, -25.80, -26.80, -26.38, -26.38, -21.79, -21.80, -25.68, -24.75, -10.34, -23.61, -23.61
2018-03-09, 20:17:38, 860231000, 860516000, 17812.50, 160056, -27.44, -26.92, -21.64, -25.72, -19.84, -21.01, -26.18, -27.13, -26.56, -26.56, -21.83, -21.98, -25.89, -26.28, -15.16, -26.18, -26.18
2018-03-09, 20:17:39, 860231000, 860516000, 17812.50, 160569, -27.66, -26.79, -21.39, -25.31, -18.78, -19.83, -25.68, -26.74, -26.47, -26.47, -21.89, -22.04, -26.07, -26.91, -27.44, -27.62, -27.62
2018-03-09, 20:17:40, 860231000, 860516000, 17812.50, 159543, -25.58, -25.50, -21.00, -24.57, -19.00, -20.07, -24.79, -25.25, -23.18, -23.18, -18.78, -12.72, -9.85, -19.84, -23.23, -24.72, -24.72
2018-03-09, 20:17:41, 860231000, 860516000, 17812.50, 159030, -25.28, -25.37, -20.92, -25.22, -21.75, -22.52, -25.23, -25.12, -22.55, -22.55, -18.11, -11.45, -8.47, -18.81, -22.51, -24.29, -24.29
2018-03-09, 20:17:42, 860231000, 860516000, 17812.50, 159030, -25.30, -25.24, -20.93, -24.60, -18.77, -20.19, -23.98, -24.88, -22.53, -22.53, -18.19, -11.60, -8.59, -18.89, -22.52, -24.32, -24.32
2018-03-09, 20:17:43, 860231000, 860516000, 17812.50, 160056, -25.02, -25.07, -21.09, -24.43, -18.63, -20.20, -24.51, -24.69, -22.28, -22.28, -17.97, -11.27, -8.24, -18.56, -22.24, -24.09, -24.09
2018-03-09, 20:17:44, 860231000, 860516000, 17812.50, 159543, -25.85, -25.85, -21.59, -24.72, -18.75, -20.34, -24.94, -25.19, -21.75, -21.75, -10.09, -13.44, -11.28, -20.78, -23.85, -24.67, -24.67
2018-03-09, 20:17:45, 860231000, 860516000, 17812.50, 160569, -26.74, -26.49, -22.07, -25.25, -19.35, -20.88, -25.48, -25.64, -21.43, -21.43, -8.12, -15.69, -16.60, -23.78, -25.69, -25.55, -25.55
2018-03-09, 20:17:46, 860231000, 860516000, 17812.50, 160056, -24.71, -24.90, -21.29, -24.30, -19.13, -20.55, -24.31, -24.15, -20.42, -20.42, -9.64, -10.60, -7.94, -18.30, -21.93, -23.23, -23.23
2018-03-09, 20:17:47, 860231000, 860516000, 17812.50, 159543, -24.61, -24.90, -21.68, -24.16, -19.08, -20.16, -24.38, -24.42, -21.25, -21.25, -12.40, -10.86, -7.99, -18.24, -16.63, -22.88, -22.88
2018-03-09, 20:17:48, 860231000, 860516000, 17812.50, 160569, -24.47, -24.68, -21.49, -23.99, -18.82, -20.22, -23.95, -23.81, -19.75, -19.75, -8.05, -10.71, -8.22, -18.32, -21.83, -23.13, -23.13
2018-03-09, 20:17:49, 860231000, 860516000, 17812.50, 159543, -24.46, -24.64, -21.50, -23.92, -18.80, -19.82, -23.86, -23.88, -20.12, -20.12, -9.09, -10.54, -7.91, -18.11, -21.70, -23.00, -23.00
2018-03-09, 20:17:50, 860231000, 860516000, 17812.50, 160569, -24.50, -24.71, -21.40, -23.96, -18.94, -19.97, -23.84, -23.77, -19.70, -19.70, -8.01, -10.33, -7.79, -18.00, -21.62, -23.38, -23.38
2018-03-09, 20:17:51, 860231000, 860516000, 17812.50, 114912, -24.63, -25.07, -22.32, -24.98, -23.15, -23.63, -24.79, -24.33, -20.17, -20.17, -8.45, -10.72, -8.30, -18.38, -15.88, -22.76, -22.76
2018-03-09, 20:17:52, 860231000, 860516000, 17812.50, 160056, -24.35, -24.84, -21.90, -25.26, -25.44, -25.28, -24.31, -24.22, -20.09, -20.09, -8.39, -10.55, -8.02, -17.98, -11.91, -22.14, -22.14
2018-03-09, 20:17:53, 860231000, 860516000, 17812.50, 159543, -23.75, -24.42, -21.66, -24.92, -25.18, -24.90, -24.62, -23.78, -19.10, -19.10, -6.74, -10.06, -7.73, -17.57, -9.90, -21.17, -21.17
2018-03-09, 20:17:54, 860231000, 860516000, 17812.50, 159030, -23.82, -24.35, -21.08, -24.39, -21.02, -21.72, -24.27, -23.96, -19.94, -19.94, -8.70, -10.23, -7.57, -17.48, -10.35, -21.50, -21.50
2018-03-09, 20:17:55, 860231000, 860516000, 17812.50, 159543, -23.72, -24.26, -21.46, -23.84, -18.57, -20.05, -23.76, -23.53, -19.35, -19.35, -7.15, -10.10, -7.72, -17.54, -10.51, -21.42, -21.42
2018-03-09, 20:17:56, 860231000, 860516000, 17812.50, 160056, -24.04, -24.68, -22.60, -24.07, -18.45, -19.95, -23.93, -23.78, -19.38, -19.38, -6.70, -11.07, -9.00, -18.37, -10.33, -21.60, -21.60
2018-03-09, 20:17:57, 860231000, 860516000, 17812.50, 160569, -24.13, -24.75, -22.61, -24.21, -18.77, -20.19, -24.04, -23.93, -19.79, -19.79, -7.59, -10.96, -8.62, -18.23, -10.51, -21.84, -21.84
2018-03-09, 20:17:58, 860231000, 860516000, 17812.50, 160056, -24.86, -25.18, -22.80, -24.20, -18.71, -19.86, -24.27, -24.50, -20.91, -20.91, -9.55, -11.70, -9.19, -19.04, -15.10, -23.19, -23.19
2018-03-09, 20:17:59, 860231000, 860516000, 17812.50, 159030, -25.14, -25.35, -22.83, -23.74, -18.79, -19.94, -24.37, -24.51, -21.07, -21.07, -9.87, -11.79, -9.30, -19.32, -22.78, -23.92, -23.92
2018-03-09, 20:18:00, 860231000, 860516000, 17812.50, 158004, -24.87, -25.15, -22.50, -23.90, -19.86, -20.83, -24.45, -24.38, -20.75, -20.75, -9.71, -11.01, -8.50, -18.78, -22.27, -23.54, -23.54
2018-03-09, 20:18:01, 860231000, 860516000, 17812.50, 160056, -24.60, -24.85, -22.38, -23.32, -18.46, -19.58, -23.82, -23.86, -19.81, -19.81, -7.74, -10.68, -8.33, -18.46, -21.95, -23.20, -23.20
2018-03-09, 20:18:02, 860231000, 860516000, 17812.50, 160056, -24.61, -24.91, -22.87, -23.44, -18.85, -19.85, -23.28, -23.78, -19.68, -19.68, -7.52, -10.62, -8.39, -18.58, -22.00, -23.33, -23.33
2018-03-09, 20:18:03, 860231000, 860516000, 17812.50, 159030, -25.23, -25.58, -23.46, -24.71, -23.47, -24.17, -25.56, -25.16, -22.51, -22.51, -18.22, -11.33, -8.44, -18.93, -22.50, -24.07, -24.07
2018-03-09, 20:18:04, 860231000, 860516000, 17812.50, 130815, -24.97, -25.12, -22.60, -23.86, -18.76, -20.15, -24.43, -24.61, -22.06, -22.06, -17.92, -11.10, -8.12, -18.57, -22.21, -24.04, -24.04
2018-03-09, 20:18:05, 860231000, 860516000, 17812.50, 160056, -23.69, -24.14, -21.51, -23.39, -18.54, -19.95, -21.42, -23.36, -20.99, -20.99, -16.87, -9.44, -6.40, -16.86, -12.14, -21.80, -21.80
2018-03-09, 20:18:06, 860231000, 860516000, 17812.50, 160056, -24.25, -24.77, -22.33, -23.75, -18.57, -20.05, -21.41, -23.91, -22.00, -22.00, -17.91, -10.97, -7.96, -18.05, -10.63, -21.88, -21.88
2018-03-09, 20:18:07, 860231000, 860516000, 17812.50, 159543, -24.21, -24.77, -22.57, -23.41, -18.68, -20.19, -21.42, -23.71, -20.41, -20.41, -8.79, -11.31, -8.87, -18.58, -10.79, -21.78, -21.78
2018-03-09, 20:18:08, 860231000, 860516000, 17812.50, 159543, -23.97, -24.47, -22.24, -23.27, -18.84, -19.99, -21.28, -23.42, -19.89, -19.89, -8.10, -10.83, -8.40, -18.18, -10.82, -21.57, -21.57
2018-03-09, 20:18:09, 860231000, 860516000, 17812.50, 159030, -23.98, -24.56, -22.32, -23.37, -18.87, -20.18, -21.27, -23.43, -20.14, -20.14, -8.70, -10.66, -8.13, -17.99, -10.78, -21.61, -21.61
2018-03-09, 20:18:10, 860231000, 860516000, 17812.50, 159030, -23.85, -24.45, -22.28, -23.37, -18.89, -19.86, -21.10, -23.22, -19.77, -19.77, -7.97, -10.48, -7.99, -17.81, -10.73, -21.74, -21.74
2018-03-09, 20:18:11, 860231000, 860516000, 17812.50, 160056, -23.91, -24.55, -22.42, -23.90, -20.45, -21.12, -21.39, -23.23, -19.66, -19.66, -7.94, -10.27, -7.75, -17.62, -11.00, -21.75, -21.75
2018-03-09, 20:18:12, 860231000, 860516000, 17812.50, 160569, -23.59, -24.29, -21.91, -24.15, -24.12, -24.10, -21.01, -22.94, -18.86, -18.86, -6.49, -9.93, -7.54, -17.36, -10.61, -21.32, -21.32
2018-03-09, 20:18:13, 860231000, 860516000, 17812.50, 159543, -23.51, -24.20, -22.00, -23.45, -18.95, -20.18, -23.75, -23.59, -19.60, -19.60, -8.04, -10.31, -7.72, -17.46, -10.00, -20.71, -20.71
2018-03-09, 20:18:14, 860231000, 860516000, 17812.50, 160056, -23.40, -24.07, -21.86, -23.48, -19.09, -20.49, -23.69, -23.34, -18.91, -18.91, -6.55, -9.89, -7.58, -17.34, -9.93, -20.61, -20.61
2018-03-09, 20:18:15, 860231000, 860516000, 17812.50, 159543, -22.38, -23.16, -21.52, -22.84, -18.77, -19.82, -22.80, -22.39, -18.03, -18.03, -6.62, -7.96, -5.24, -15.51, -9.75, -20.04, -20.04
2018-03-09, 20:18:16, 860231000, 860516000, 17812.50, 160056, -22.49, -23.15, -21.48, -22.76, -19.34, -20.13, -22.72, -22.20, -17.93, -17.93, -6.94, -7.26, -4.57, -15.21, -12.61, -20.59, -20.59
2018-03-09, 20:18:17, 860231000, 860516000, 17812.50, 160056, -22.61, -23.32, -21.45, -23.29, -22.50, -22.76, -23.11, -22.34, -17.84, -17.84, -6.67, -7.45, -4.66, -15.20, -19.16, -21.10, -21.10
2018-03-09, 20:18:18, 860231000, 860516000, 17812.50, 160056, -23.35, -24.01, -22.29, -24.10, -24.33, -24.40, -24.19, -23.43, -19.77, -19.77, -11.50, -8.57, -5.57, -16.07, -16.59, -21.60, -21.60
2018-03-09, 20:18:19, 860231000, 860516000, 17812.50, 159543, -22.41, -23.27, -21.29, -23.66, -23.92, -24.03, -23.68, -22.97, -19.62, -19.62, -15.48, -7.65, -4.54, -15.08, -9.95, -19.82, -19.82
2018-03-09, 20:18:20, 860231000, 860516000, 17812.50, 160056, -21.98, -22.85, -20.87, -23.40, -23.68, -23.56, -23.28, -22.43, -18.97, -18.97, -14.76, -6.67, -3.68, -14.40, -9.85, -19.51, -19.51
2018-03-09, 20:18:21, 860231000, 860516000, 17812.50, 160569, -22.85, -23.68, -21.95, -24.22, -24.38, -24.25, -24.00, -23.31, -19.96, -19.96, -15.77, -7.92, -4.92, -15.54, -11.45, -20.66, -20.66
2018-03-09, 20:18:22, 860231000, 860516000, 17812.50, 159543, -23.99, -24.61, -23.11, -24.52, -21.84, -22.42, -23.63, -23.96, -21.01, -21.01, -16.78, -9.28, -6.26, -16.89, -20.79, -22.49, -22.49
2018-03-09, 20:18:23, 860231000, 860516000, 17812.50, 160569, -24.53, -24.98, -23.11, -24.18, -18.89, -20.02, -24.22, -24.24, -21.61, -21.61, -17.32, -9.80, -7.01, -17.72, -21.50, -23.03, -23.03
2018-03-09, 20:18:24, 860231000, 860516000, 17812.50, 159030, -24.15, -24.59, -22.37, -23.89, -18.83, -20.06, -24.03, -24.03, -21.20, -21.20, -16.98, -9.55, -6.60, -17.17, -21.03, -22.90, -22.90
2018-03-09, 20:18:25, 860231000, 860516000, 17812.50, 158517, -24.30, -24.71, -22.37, -23.64, -18.64, -19.76, -24.06, -24.13, -21.29, -21.29, -17.09, -9.39, -6.58, -17.26, -21.16, -22.89, -22.89
2018-03-09, 20:18:26, 860231000, 860516000, 17812.50, 160056, -24.17, -24.59, -22.27, -23.56, -18.53, -19.72, -23.91, -23.99, -21.04, -21.04, -16.83, -9.36, -6.34, -16.98, -20.90, -22.93, -22.93
2018-03-09, 20:18:27, 860231000, 860516000, 17812.50, 160056, -24.37, -24.77, -22.60, -23.77, -18.85, -20.01, -24.04, -24.09, -21.07, -21.07, -14.27, -9.63, -6.73, -17.28, -21.20, -23.24, -23.24
2018-03-09, 20:18:28, 860231000, 860516000, 17812.50, 159543, -24.28, -24.61, -22.57, -23.68, -18.86, -19.85, -23.92, -24.06, -21.22, -21.22, -17.05, -9.61, -6.59, -17.11, -21.05, -23.12, -23.12
2018-03-09, 20:18:29, 860231000, 860516000, 17812.50, 160056, -23.30, -23.88, -22.04, -23.47, -19.84, -20.73, -23.61, -23.27, -20.11, -20.11, -15.99, -8.37, -5.20, -15.78, -19.82, -22.04, -22.04
2018-03-09, 20:18:30, 860231000, 860516000, 17812.50, 159543, -23.28, -23.80, -22.15, -23.11, -18.40, -19.34, -23.21, -23.16, -20.09, -20.09, -15.96, -8.35, -5.17, -15.76, -19.77, -22.03, -22.03
2018-03-09, 20:18:31, 860231000, 860516000, 17812.50, 161082, -24.85, -25.21, -22.76, -24.20, -18.49, -19.51, -24.24, -24.60, -22.22, -22.22, -18.10, -11.37, -8.39, -18.54, -17.61, -23.55, -23.55
2018-03-09, 20:18:32, 860231000, 860516000, 17812.50, 159543, -23.02, -23.71, -22.20, -24.10, -22.87, -23.08, -23.15, -23.00, -19.71, -19.71, -15.63, -7.90, -4.75, -15.35, -19.46, -21.64, -21.64
2018-03-09, 20:18:33, 860231000, 860516000, 17812.50, 160056, -23.30, -24.00, -22.37, -24.11, -24.29, -24.48, -24.17, -23.43, -20.02, -20.02, -15.90, -8.00, -5.02, -15.78, -19.86, -21.70, -21.70
2018-03-09, 20:18:34, 860231000, 860516000, 17812.50, 160056, -23.16, -23.83, -22.37, -23.94, -24.13, -24.30, -24.03, -23.30, -19.84, -19.84, -15.70, -7.87, -4.85, -15.58, -19.63, -21.50, -21.50
2018-03-09, 20:18:35, 860231000, 860516000, 17812.50, 159543, -22.91, -23.57, -22.04, -23.74, -23.94, -24.11, -23.85, -23.09, -19.65, -19.65, -15.51, -7.76, -4.60, -15.26, -19.35, -21.28, -21.28
2018-03-09, 20:18:36, 860231000, 860516000, 17812.50, 158517, -23.19, -23.82, -22.09, -23.89, -24.17, -24.38, -24.06, -23.33, -20.01, -20.01, -15.91, -8.30, -5.14, -15.74, -19.79, -21.63, -21.63
2018-03-09, 20:18:37, 860231000, 860516000, 17812.50, 159543, -24.42, -24.81, -22.63, -24.77, -25.23, -25.22, -25.05, -24.39, -21.16, -21.16, -15.03, -10.02, -6.98, -17.35, -21.23, -22.94, -22.94
2018-03-09, 20:18:38, 860231000, 860516000, 17812.50, 160056, -25.24, -25.49, -23.26, -25.70, -25.98, -25.92, -25.76, -25.24, -22.39, -22.39, -18.30, -11.33, -8.40, -18.66, -22.36, -23.86, -23.86
2018-03-09, 20:18:39, 860231000, 860516000, 17812.50, 160056, -23.82, -24.33, -22.55, -24.64, -24.98, -24.88, -24.61, -23.92, -20.76, -20.76, -16.69, -9.12, -6.04, -16.62, -20.56, -22.31, -22.31
2018-03-09, 20:18:40, 860231000, 860516000, 17812.50, 160056, -24.49, -24.96, -22.71, -25.25, -24.46, -24.60, -25.13, -24.57, -21.58, -21.58, -17.48, -9.80, -6.97, -17.62, -21.45, -23.07, -23.07
2018-03-09, 20:18:41, 860231000, 860516000, 17812.50, 161082, -23.78, -24.28, -22.37, -23.76, -18.47, -19.52, -23.69, -23.73, -20.88, -20.88, -16.86, -9.31, -6.15, -16.63, -17.42, -22.19, -22.19
2018-03-09, 20:18:42, 860231000, 860516000, 17812.50, 159030, -23.57, -24.10, -22.16, -23.61, -18.46, -19.48, -22.98, -23.41, -20.49, -20.49, -16.48, -8.86, -5.68, -16.25, -20.24, -22.19, -22.19
2018-03-09, 20:18:43, 860231000, 860516000, 17812.50, 160056, -23.99, -24.47, -22.56, -23.69, -18.25, -19.31, -23.74, -23.90, -21.07, -21.07, -16.98, -9.23, -6.32, -17.03, -20.88, -22.55, -22.55
2018-03-09, 20:18:44, 860231000, 860516000, 17812.50, 160056, -23.97, -24.47, -22.76, -23.67, -18.26, -19.23, -23.65, -23.78, -21.09, -21.09, -16.94, -9.32, -6.40, -17.11, -20.94, -22.52, -22.52
2018-03-09, 20:18:45, 860231000, 860516000, 17812.50, 160056, -23.97, -24.52, -22.71, -23.54, -18.09, -19.07, -23.60, -23.78, -21.11, -21.11, -16.99, -9.56, -6.53, -17.06, -20.92, -22.55, -22.55
2018-03-09, 20:18:46, 860231000, 860516000, 17812.50, 160056, -23.95, -24.38, -22.66, -23.36, -18.17, -19.20, -23.53, -23.69, -20.97, -20.97, -16.88, -9.57, -6.45, -16.96, -20.83, -22.68, -22.68
2018-03-09, 20:18:47, 860231000, 860516000, 17812.50, 159543, -24.16, -24.54, -22.55, -23.41, -18.21, -19.17, -23.61, -23.81, -20.88, -20.88, -13.79, -9.83, -6.78, -17.21, -21.09, -23.11, -23.11
2018-03-09, 20:18:48, 860231000, 860516000, 17812.50, 160056, -24.11, -24.52, -22.44, -24.15, -19.39, -20.29, -23.98, -23.89, -21.07, -21.07, -17.00, -9.74, -6.60, -17.05, -20.95, -22.95, -22.95
2018-03-09, 20:18:49, 860231000, 860516000, 17812.50, 160569, -24.26, -24.57, -22.75, -24.02, -19.03, -19.90, -23.92, -23.97, -21.22, -21.22, -17.12, -9.86, -6.72, -17.20, -21.04, -23.05, -23.05
2018-03-09, 20:18:50, 860231000, 860516000, 17812.50, 160056, -22.96, -23.65, -22.09, -23.39, -18.57, -19.55, -23.26, -23.14, -20.11, -20.11, -15.98, -8.29, -5.23, -15.73, -12.74, -21.02, -21.02
2018-03-09, 20:18:51, 860231000, 860516000, 17812.50, 142614, -23.39, -23.91, -21.94, -23.59, -18.73, -19.66, -23.37, -23.30, -20.27, -20.27, -16.04, -8.28, -5.33, -16.10, -14.91, -21.77, -21.77
2018-03-09, 20:18:52, 860231000, 860516000, 17812.50, 160056, -22.88, -23.46, -21.33, -22.95, -18.30, -19.28, -22.36, -22.84, -19.81, -19.81, -15.60, -7.84, -4.84, -15.50, -14.32, -21.07, -21.07
2018-03-09, 20:18:53, 860231000, 860516000, 17812.50, 159030, -23.13, -23.72, -21.35, -23.32, -20.39, -21.11, -23.50, -23.14, -19.98, -19.98, -15.81, -8.19, -5.02, -15.60, -19.67, -21.57, -21.57
2018-03-09, 20:18:54, 860231000, 860516000, 17812.50, 159543, -23.31, -23.82, -21.24, -23.24, -18.40, -19.70, -23.32, -23.19, -20.15, -20.15, -15.93, -8.51, -5.33, -15.89, -19.90, -22.08, -22.08
2018-03-09, 20:18:55, 860231000, 860516000, 17812.50, 160569, -27.57, -27.03, -22.17, -25.00, -18.75, -20.29, -25.95, -26.89, -26.12, -26.12, -21.58, -18.73, -17.33, -24.95, -26.75, -27.38, -27.38
2018-03-09, 20:18:56, 860231000, 860516000, 17812.50, 143640, -28.09, -27.36, -22.13, -25.27, -19.55, -20.77, -26.33, -27.32, -26.91, -26.91, -22.26, -22.42, -27.01, -27.30, -27.83, -28.08, -28.08
2018-03-09, 20:18:57, 860231000, 860516000, 17812.50, 160569, -28.38, -27.71, -22.31, -26.93, -27.32, -27.81, -28.04, -27.96, -26.28, -26.28, -16.98, -21.66, -26.72, -27.28, -27.90, -28.21, -28.21
2018-03-09, 20:18:58, 860231000, 860516000, 17812.50, 160056, -27.58, -26.93, -21.45, -25.25, -19.39, -20.77, -26.12, -26.92, -26.06, -26.06, -21.44, -18.32, -17.02, -24.72, -26.60, -27.27, -27.27
2018-03-09, 20:18:59, 860231000, 860516000, 17812.50, 160056, -22.93, -23.32, -20.17, -22.74, -17.52, -18.91, -22.83, -22.78, -19.38, -19.38, -12.41, -7.65, -4.68, -15.40, -19.45, -21.67, -21.67
2018-03-09, 20:19:00, 860231000, 860516000, 17812.50, 160056, -23.16, -23.58, -20.75, -22.88, -17.81, -18.84, -23.00, -22.95, -19.81, -19.81, -13.81, -8.11, -5.08, -15.73, -19.75, -21.94, -21.94
2018-03-09, 20:19:01, 860231000, 860516000, 17812.50, 139023, -23.37, -23.99, -21.10, -23.88, -21.62, -22.35, -24.09, -23.65, -20.53, -20.53, -16.34, -8.89, -5.77, -16.14, -12.03, -21.42, -21.42
2018-03-09, 20:19:02, 860231000, 860516000, 17812.50, 160056, -23.49, -24.22, -21.71, -24.33, -24.55, -24.84, -23.97, -24.00, -20.97, -20.97, -16.77, -9.47, -6.27, -16.53, -10.40, -20.99, -20.99
2018-03-09, 20:19:03, 860231000, 860516000, 17812.50, 160569, -24.75, -25.36, -22.16, -25.14, -25.53, -25.98, -25.88, -25.45, -22.74, -22.74, -18.48, -11.87, -8.87, -18.66, -10.59, -22.10, -22.10
2018-03-09, 20:19:04, 860231000, 860516000, 17812.50, 160056, -27.79, -27.59, -22.70, -26.80, -27.09, -27.72, -28.06, -28.00, -27.04, -27.04, -22.29, -22.43, -26.88, -26.42, -14.51, -26.20, -26.20
2018-03-09, 20:19:05, 860231000, 860516000, 17812.50, 159543, -28.16, -27.48, -22.38, -25.77, -20.69, -21.79, -26.70, -27.52, -27.06, -27.06, -22.40, -22.51, -27.07, -27.38, -27.86, -28.15, -28.15
2018-03-09, 20:19:06, 860231000, 860516000, 17812.50, 159030, -27.99, -27.28, -22.62, -24.96, -18.11, -19.83, -25.92, -27.15, -26.90, -26.90, -22.36, -22.48, -27.08, -27.30, -27.81, -28.02, -28.02
2018-03-09, 20:19:07, 860231000, 860516000, 17812.50, 160569, -27.66, -27.22, -22.74, -24.59, -18.30, -19.56, -25.63, -26.96, -26.77, -26.77, -22.28, -22.45, -26.96, -27.21, -27.60, -26.70, -26.70
2018-03-09, 20:19:08, 860231000, 860516000, 17812.50, 160056, -27.74, -27.60, -23.77, -25.66, -21.88, -23.00, -26.88, -27.38, -26.57, -26.57, -19.80, -21.84, -26.51, -27.05, -27.58, -26.41, -26.41
2018-03-09, 20:19:09, 860231000, 860516000, 17812.50, 160056, -27.41, -27.32, -22.88, -26.22, -26.57, -27.16, -27.22, -27.01, -23.67, -23.67, -11.03, -19.44, -25.11, -26.36, -27.03, -26.21, -26.21
2018-03-09, 20:19:10, 860231000, 860516000, 17812.50, 161082, -27.74, -27.47, -22.88, -26.36, -26.85, -27.47, -27.66, -27.41, -24.71, -24.71, -12.98, -20.29, -25.80, -26.81, -27.38, -26.40, -26.40
2018-03-09, 20:19:11, 860231000, 860516000, 17812.50, 129789, -27.73, -27.43, -22.74, -26.38, -26.89, -27.31, -27.54, -27.34, -24.40, -24.40, -12.19, -19.90, -25.57, -26.70, -27.21, -26.25, -26.25
2018-03-09, 20:19:12, 860231000, 860516000, 17812.50, 159543, -27.58, -27.25, -22.52, -26.35, -26.76, -27.16, -26.04, -26.75, -23.22, -23.22, -10.25, -18.96, -24.77, -26.23, -26.99, -26.85, -26.85
2018-03-09, 20:19:13, 860231000, 860516000, 17812.50, 160056, -27.48, -27.35, -22.97, -26.38, -26.83, -27.28, -27.35, -26.97, -23.49, -23.49, -10.52, -19.30, -24.92, -25.99, -19.56, -26.25, -26.25
2018-03-09, 20:19:14, 860231000, 860516000, 17812.50, 160056, -27.45, -27.27, -22.89, -26.93, -27.22, -27.23, -27.27, -26.98, -23.17, -23.17, -10.28, -18.98, -24.74, -25.98, -21.78, -26.02, -26.02
2018-03-09, 20:19:15, 860231000, 860516000, 17812.50, 159543, -27.38, -27.17, -22.87, -26.85, -27.12, -27.11, -27.11, -26.54, -22.61, -22.61, -9.24, -18.49, -24.33, -25.83, -26.78, -26.10, -26.10
2018-03-09, 20:19:16, 860231000, 860516000, 17812.50, 158517, -27.12, -26.98, -22.75, -26.00, -22.10, -22.86, -26.18, -26.15, -21.92, -21.92, -8.33, -17.90, -23.81, -25.46, -26.44, -25.86, -25.86
2018-03-09, 20:19:17, 860231000, 860516000, 17812.50, 159543, -27.38, -26.87, -22.30, -25.16, -18.33, -19.95, -25.57, -26.30, -23.65, -23.65, -11.58, -19.59, -25.16, -26.18, -26.97, -26.53, -26.53
2018-03-09, 20:19:18, 860231000, 860516000, 17812.50, 159030, -27.27, -26.95, -22.70, -25.31, -18.67, -20.42, -25.83, -26.56, -24.38, -24.38, -12.82, -20.43, -25.47, -26.52, -27.01, -26.14, -26.14
2018-03-09, 20:19:19, 860231000, 860516000, 17812.50, 160056, -27.26, -26.95, -22.79, -25.27, -19.10, -20.33, -25.62, -26.31, -23.81, -23.81, -11.64, -19.85, -25.15, -26.23, -26.90, -26.14, -26.14
2018-03-09, 20:19:20, 860231000, 860516000, 17812.50, 160056, -27.34, -27.02, -22.86, -25.66, -20.33, -21.33, -26.09, -26.74, -24.64, -24.64, -13.51, -20.72, -25.63, -26.44, -27.10, -26.25, -26.25
2018-03-09, 20:19:21, 860231000, 860516000, 17812.50, 160569, -27.81, -27.54, -23.26, -27.25, -27.56, -27.66, -27.79, -27.61, -26.09, -26.09, -17.56, -22.05, -26.58, -27.06, -27.59, -26.63, -26.63
2018-03-09, 20:19:22, 860231000, 860516000, 17812.50, 159543, -27.61, -27.44, -22.93, -27.13, -27.43, -27.45, -26.21, -27.25, -25.66, -25.66, -17.54, -19.77, -19.74, -25.72, -27.05, -26.30, -26.30
2018-03-09, 20:19:23, 860231000, 860516000, 17812.50, 160569, -23.66, -24.20, -21.81, -24.65, -24.74, -24.73, -24.48, -23.74, -20.42, -20.42, -14.56, -8.98, -5.84, -16.33, -17.77, -21.89, -21.89
2018-03-09, 20:19:24, 860231000, 860516000, 17812.50, 160056, -24.34, -24.72, -21.67, -25.11, -25.28, -25.21, -24.99, -24.21, -20.58, -20.58, -11.13, -9.60, -6.90, -17.48, -19.18, -22.78, -22.78
2018-03-09, 20:19:25, 860231000, 860516000, 17812.50, 160056, -24.31, -24.68, -21.18, -25.15, -24.80, -24.82, -24.98, -24.35, -21.26, -21.26, -17.17, -9.66, -6.62, -17.17, -21.08, -22.99, -22.99
2018-03-09, 20:19:26, 860231000, 860516000, 17812.50, 159543, -24.16, -24.40, -21.21, -23.81, -18.09, -19.56, -23.83, -23.99, -21.17, -21.17, -17.16, -9.87, -6.71, -17.16, -21.04, -22.88, -22.88
2018-03-09, 20:19:27, 860231000, 860516000, 17812.50, 159543, -24.04, -24.29, -21.07, -23.67, -17.87, -19.42, -23.68, -23.82, -20.96, -20.96, -14.84, -9.77, -6.68, -17.11, -20.99, -22.60, -22.60
2018-03-09, 20:19:28, 860231000, 860516000, 17812.50, 160569, -26.89, -26.54, -21.47, -25.02, -19.13, -20.19, -25.32, -25.90, -22.91, -22.91, -10.38, -17.38, -17.81, -24.40, -26.03, -25.78, -25.78
2018-03-09, 20:19:29, 860231000, 860516000, 17812.50, 161082, -27.47, -27.15, -21.55, -26.99, -27.25, -27.31, -27.30, -26.99, -23.82, -23.82, -11.09, -19.68, -25.20, -26.30, -27.07, -26.35, -26.35
2018-03-09, 20:19:30, 860231000, 860516000, 17812.50, 160056, -27.29, -26.79, -21.51, -25.90, -21.30, -22.28, -26.23, -26.54, -23.62, -23.62, -11.06, -19.57, -25.05, -26.13, -26.91, -26.25, -26.25
2018-03-09, 20:19:31, 860231000, 860516000, 17812.50, 160056, -26.10, -26.10, -21.03, -24.96, -18.91, -20.16, -25.47, -26.27, -24.05, -24.05, -12.12, -19.95, -24.75, -24.41, -11.04, -23.04, -23.04
2018-03-09, 20:19:32, 860231000, 860516000, 17812.50, 160056, -26.25, -26.26, -21.08, -25.20, -19.07, -20.30, -24.84, -26.27, -24.17, -24.17, -12.40, -20.14, -24.86, -24.43, -11.04, -23.18, -23.18
2018-03-09, 20:19:33, 860231000, 860516000, 17812.50, 159543, -26.85, -26.90, -21.41, -27.21, -27.64, -27.60, -27.79, -27.74, -26.92, -26.92, -22.57, -22.65, -26.36, -25.19, -11.21, -24.09, -24.09
2018-03-09, 20:19:34, 860231000, 860516000, 17812.50, 160056, -26.63, -26.80, -21.15, -27.13, -27.59, -27.56, -27.82, -27.70, -26.83, -26.83, -22.30, -22.43, -26.21, -24.95, -10.86, -23.45, -23.45
2018-03-09, 20:19:35, 860231000, 860516000, 17812.50, 160056, -26.57, -26.65, -20.59, -27.12, -27.55, -27.56, -27.76, -27.64, -26.71, -26.71, -22.16, -22.22, -26.10, -24.76, -10.64, -23.21, -23.21
2018-03-09, 20:19:36, 860231000, 860516000, 17812.50, 160056, -27.10, -26.82, -20.67, -27.22, -27.72, -27.65, -27.82, -27.71, -26.64, -26.64, -22.25, -22.41, -26.49, -25.54, -12.15, -24.77, -24.77
2018-03-09, 20:19:37, 860231000, 860516000, 17812.50, 159543, -28.06, -27.14, -20.56, -27.45, -27.80, -27.77, -28.00, -27.81, -26.63, -26.63, -22.26, -22.47, -27.03, -27.19, -27.80, -27.52, -27.52
2018-03-09, 20:19:38, 860231000, 860516000, 17812.50, 159543, -28.04, -27.18, -20.69, -27.47, -27.79, -27.80, -28.02, -27.83, -26.69, -26.69, -22.22, -22.38, -26.82, -27.26, -27.82, -27.55, -27.55
2018-03-09, 20:19:39, 860231000, 860516000, 17812.50, 158517, -28.00, -27.22, -20.73, -27.42, -27.80, -27.67, -27.87, -27.76, -25.98, -25.98, -16.25, -21.66, -26.54, -27.02, -27.72, -27.51, -27.51
2018-03-09, 20:19:40, 860231000, 860516000, 17812.50, 160056, -26.94, -26.81, -20.69, -27.06, -27.48, -27.44, -27.66, -27.48, -25.42, -25.42, -15.08, -21.11, -25.74, -25.24, -11.89, -24.40, -24.40
2018-03-09, 20:19:41, 860231000, 860516000, 17812.50, 160569, -26.70, -26.78, -20.79, -27.06, -27.56, -27.56, -27.86, -27.79, -26.87, -26.87, -22.27, -22.34, -26.26, -24.88, -10.67, -23.34, -23.34
2018-03-09, 20:19:42, 860231000, 860516000, 17812.50, 160056, -26.61, -26.67, -20.77, -27.00, -27.35, -27.56, -26.52, -27.65, -26.85, -26.85, -22.33, -22.40, -26.26, -24.94, -10.73, -23.34, -23.34
2018-03-09, 20:19:43, 860231000, 860516000, 17812.50, 160056, -26.88, -26.85, -21.02, -27.34, -27.63, -27.61, -27.85, -27.84, -26.87, -26.87, -22.43, -22.52, -26.36, -25.13, -10.98, -24.12, -24.12
2018-03-09, 20:19:44, 860231000, 860516000, 17812.50, 159543, -27.75, -27.19, -20.78, -27.45, -27.74, -27.38, -23.46, -26.83, -26.94, -26.94, -22.60, -22.73, -26.81, -26.48, -15.35, -26.47, -26.47
2018-03-09, 20:19:45, 860231000, 860516000, 17812.50, 159030, -28.14, -27.29, -20.73, -27.52, -27.75, -27.38, -23.53, -26.90, -27.04, -27.04, -22.66, -22.81, -27.08, -27.30, -27.83, -28.07, -28.07
2018-03-09, 20:19:46, 860231000, 860516000, 17812.50, 159543, -28.35, -27.51, -20.94, -27.70, -27.93, -27.75, -26.00, -27.73, -27.16, -27.16, -22.57, -22.75, -27.20, -27.41, -28.04, -28.21, -28.21
2018-03-09, 20:19:47, 860231000, 860516000, 17812.50, 160056, -28.35, -27.57, -21.15, -27.73, -28.01, -27.85, -28.16, -28.08, -27.24, -27.24, -22.54, -22.80, -27.17, -27.41, -27.99, -28.21, -28.21
2018-03-09, 20:19:48, 860231000, 860516000, 17812.50, 159543, -28.32, -27.56, -21.32, -27.75, -28.05, -27.90, -28.11, -28.08, -27.24, -27.24, -22.57, -22.70, -27.07, -27.31, -23.62, -28.01, -28.01
2018-03-09, 20:19:49, 860231000, 860516000, 17812.50, 160056, -26.93, -26.86, -20.91, -27.35, -27.75, -27.74, -27.96, -27.82, -26.26, -26.26, -17.13, -22.01, -26.09, -25.15, -10.98, -23.89, -23.89
2018-03-09, 20:19:50, 860231000, 860516000, 17812.50, 160056, -26.90, -26.92, -20.82, -27.25, -27.71, -27.62, -27.81, -27.73, -25.84, -25.84, -15.86, -21.58, -25.95, -25.16, -10.99, -24.02, -24.02
2018-03-09, 20:19:51, 860231000, 860516000, 17812.50, 159543, -26.91, -26.91, -20.62, -27.20, -27.61, -27.81, -28.04, -27.98, -27.16, -27.16, -22.64, -22.73, -26.58, -25.22, -11.04, -23.65, -23.65
2018-03-09, 20:19:52, 860231000, 860516000, 17812.50, 160056, -26.91, -26.84, -20.25, -27.12, -27.59, -27.75, -26.64, -27.82, -27.06, -27.06, -22.52, -22.57, -26.48, -25.15, -10.87, -23.56, -23.56
2018-03-09, 20:19:53, 860231000, 860516000, 17812.50, 159543, -26.87, -26.75, -20.21, -27.10, -27.62, -27.74, -28.06, -28.00, -27.14, -27.14, -22.58, -22.59, -26.47, -25.23, -10.92, -23.48, -23.48
2018-03-09, 20:19:54, 860231000, 860516000, 17812.50, 159543, -25.98, -26.10, -19.97, -26.53, -27.00, -27.07, -27.19, -26.92, -25.07, -25.07, -20.69, -15.72, -13.39, -21.78, -10.84, -22.94, -22.94
2018-03-09, 20:19:55, 860231000, 860516000, 17812.50, 160056, -23.19, -23.73, -19.91, -23.52, -18.74, -19.79, -23.56, -23.53, -20.69, -20.69, -16.57, -8.99, -5.84, -16.20, -10.74, -20.82, -20.82
2018-03-09, 20:19:56, 860231000, 860516000, 17812.50, 160569, -22.90, -23.44, -20.08, -22.91, -17.17, -18.18, -22.83, -22.97, -19.93, -19.93, -13.05, -8.59, -5.47, -15.82, -10.54, -20.74, -20.74
2018-03-09, 20:19:57, 860231000, 860516000, 17812.50, 160056, -23.13, -23.63, -19.95, -23.01, -17.06, -18.20, -23.04, -23.31, -20.53, -20.53, -16.38, -9.05, -5.85, -16.15, -10.09, -20.89, -20.89
2018-03-09, 20:19:58, 860231000, 860516000, 17812.50, 159543, -26.14, -26.04, -20.53, -24.77, -18.11, -19.41, -25.22, -26.21, -25.00, -25.00, -20.63, -16.07, -13.70, -22.07, -11.44, -23.87, -23.87
2018-03-09, 20:19:59, 860231000, 860516000, 17812.50, 159543, -28.63, -27.67, -20.73, -27.42, -24.36, -25.03, -27.94, -28.15, -26.94, -26.94, -19.31, -22.19, -27.13, -27.91, -28.32, -28.54, -28.54
2018-03-09, 20:20:00, 860231000, 860516000, 17812.50, 160056, -28.22, -27.42, -20.64, -27.74, -28.04, -27.89, -28.09, -27.93, -26.03, -26.03, -17.92, -18.86, -17.92, -25.39, -27.21, -27.89, -27.89
2018-03-09, 20:20:01, 860231000, 860516000, 17812.50, 160056, -24.16, -24.39, -19.94, -24.47, -24.72, -24.94, -24.72, -24.00, -20.19, -20.19, -11.00, -9.35, -6.29, -16.78, -20.75, -22.83, -22.83
2018-03-09, 20:20:02, 860231000, 860516000, 17812.50, 160569, -23.88, -24.17, -19.89, -24.21, -24.48, -24.64, -23.68, -23.42, -19.07, -19.07, -7.93, -9.03, -6.24, -16.61, -20.55, -22.65, -22.65
2018-03-09, 20:20:03, 860231000, 860516000, 17812.50, 160056, -25.73, -25.61, -20.46, -25.38, -25.68, -26.08, -25.86, -25.17, -20.83, -20.83, -8.67, -12.12, -9.71, -19.60, -23.09, -24.83, -24.83
2018-03-09, 20:20:04, 860231000, 860516000, 17812.50, 160056, -28.30, -27.58, -21.96, -26.98, -27.30, -27.73, -27.86, -27.67, -24.64, -24.64, -12.50, -20.66, -25.98, -27.05, -27.82, -28.13, -28.13
2018-03-09, 20:20:05, 860231000, 860516000, 17812.50, 160056, -28.32, -27.93, -23.11, -27.28, -27.58, -27.86, -27.98, -27.72, -24.67, -24.67, -12.47, -20.40, -25.93, -27.18, -27.78, -27.96, -27.96
2018-03-09, 20:20:06, 860231000, 860516000, 17812.50, 159030, -28.60, -28.24, -24.69, -26.71, -24.95, -26.05, -28.08, -28.22, -27.47, -27.47, -22.97, -23.12, -27.59, -27.97, -28.36, -28.51, -28.51
2018-03-09, 20:20:07, 860231000, 860516000, 17812.50, 160056, -27.78, -27.24, -23.40, -24.53, -17.87, -19.20, -25.31, -26.49, -24.05, -24.05, -11.28, -20.26, -25.55, -26.86, -27.50, -27.70, -27.70
2018-03-09, 20:20:08, 860231000, 860516000, 17812.50, 159543, -26.89, -26.51, -22.10, -25.02, -18.40, -19.67, -24.86, -25.18, -20.31, -20.31, -6.24, -16.38, -22.54, -24.65, -19.16, -26.15, -26.15
2018-03-09, 20:20:09, 860231000, 860516000, 17812.50, 159543, -27.29, -26.89, -22.43, -25.23, -18.63, -19.81, -25.21, -25.71, -21.46, -21.46, -7.61, -17.59, -23.35, -25.45, -26.58, -27.20, -27.20
2018-03-09, 20:20:10, 860231000, 860516000, 17812.50, 160056, -28.51, -28.00, -23.08, -27.00, -21.99, -22.96, -27.37, -28.05, -27.53, -27.53, -23.31, -23.50, -27.51, -27.77, -28.39, -28.49, -28.49
2018-03-09, 20:20:11, 860231000, 860516000, 17812.50, 160569, -26.49, -26.52, -22.33, -26.74, -25.39, -25.60, -26.66, -26.37, -24.18, -24.18, -20.04, -13.36, -10.70, -20.91, -24.21, -25.78, -25.78
2018-03-09, 20:20:12, 860231000, 860516000, 17812.50, 107730, -25.25, -25.39, -21.97, -24.74, -19.12, -20.40, -23.93, -24.81, -22.50, -22.50, -18.50, -11.04, -8.16, -18.81, -22.48, -24.29, -24.29
2018-03-09, 20:20:13, 860231000, 860516000, 17812.50, 160056, -25.56, -25.70, -22.33, -24.84, -19.06, -20.29, -24.90, -25.23, -23.02, -23.02, -19.03, -11.86, -8.98, -19.45, -23.01, -24.75, -24.75
2018-03-09, 20:20:14, 860231000, 860516000, 17812.50, 160056, -25.89, -25.88, -22.58, -24.90, -19.08, -20.22, -25.03, -25.48, -23.46, -23.46, -19.48, -12.88, -9.87, -20.00, -23.43, -24.99, -24.99
2018-03-09, 20:20:15, 860231000, 860516000, 17812.50, 160569, -26.13, -26.13, -22.35, -25.12, -18.92, -20.36, -25.21, -25.74, -23.84, -23.84, -19.81, -13.48, -10.57, -20.59, -23.87, -25.33, -25.33
2018-03-09, 20:20:16, 860231000, 860516000, 17812.50, 159543, -27.21, -26.85, -22.66, -25.50, -19.02, -20.36, -25.72, -26.60, -25.58, -25.58, -21.55, -17.22, -14.69, -23.58, -26.00, -26.83, -26.83
2018-03-09, 20:20:17, 860231000, 860516000, 17812.50, 159543, -28.06, -27.48, -22.73, -25.99, -19.52, -20.74, -26.28, -27.26, -27.02, -27.02, -22.97, -23.11, -27.19, -27.62, -27.96, -28.08, -28.08
2018-03-09, 20:20:18, 860231000, 860516000, 17812.50, 160056, -27.92, -27.41, -22.66, -25.96, -19.39, -20.79, -26.37, -27.39, -27.14, -27.14, -22.74, -22.89, -27.14, -27.19, -18.87, -27.29, -27.29
2018-03-09, 20:20:19, 860231000, 860516000, 17812.50, 158517, -26.98, -26.75, -22.39, -25.53, -19.44, -20.60, -25.69, -26.23, -23.96, -23.96, -13.48, -15.97, -14.07, -22.98, -25.52, -26.60, -26.60
2018-03-09, 20:20:20, 860231000, 860516000, 17812.50, 160056, -25.43, -25.71, -22.06, -25.84, -23.90, -24.33, -25.71, -25.36, -22.62, -22.62, -18.40, -10.94, -8.13, -18.80, -22.53, -24.40, -24.40
2018-03-09, 20:20:21, 860231000, 860516000, 17812.50, 160056, -25.23, -25.34, -21.89, -24.74, -19.29, -20.47, -24.73, -24.92, -22.43, -22.43, -18.29, -11.29, -8.15, -18.53, -22.31, -24.17, -24.17
2018-03-09, 20:20:22, 860231000, 860516000, 17812.50, 123633, -25.15, -25.24, -21.56, -24.62, -18.99, -20.09, -23.92, -24.79, -22.46, -22.46, -18.34, -11.22, -8.17, -18.61, -22.29, -24.24, -24.24
2018-03-09, 20:20:23, 860231000, 860516000, 17812.50, 160056, -25.41, -25.45, -21.53, -24.74, -19.17, -20.21, -24.76, -25.05, -22.70, -22.70, -18.63, -11.24, -8.40, -18.93, -22.61, -24.45, -24.45
2018-03-09, 20:20:24, 860231000, 860516000, 17812.50, 159543, -25.63, -25.72, -21.92, -25.65, -21.84, -22.74, -25.61, -25.47, -22.93, -22.93, -18.87, -11.84, -8.83, -19.16, -22.87, -24.71, -24.71
2018-03-09, 20:20:25, 860231000, 860516000, 17812.50, 161082, -25.78, -25.97, -22.03, -26.42, -26.56, -26.41, -26.30, -25.77, -23.09, -23.09, -18.96, -12.02, -8.95, -19.25, -22.93, -24.77, -24.77
2018-03-09, 20:20:26, 860231000, 860516000, 17812.50, 159543, -25.83, -25.98, -21.80, -26.47, -26.60, -26.43, -26.33, -25.77, -23.14, -23.14, -19.00, -11.97, -8.98, -19.34, -22.98, -24.85, -24.85
2018-03-09, 20:20:27, 860231000, 860516000, 17812.50, 160056, -26.07, -26.18, -21.98, -26.55, -26.76, -26.57, -26.53, -26.06, -23.41, -23.41, -19.19, -12.61, -9.52, -19.78, -23.37, -25.21, -25.21
2018-03-09, 20:20:28, 860231000, 860516000, 17812.50, 157491, -25.84, -26.06, -21.96, -26.56, -26.71, -26.46, -26.47, -26.01, -23.28, -23.28, -19.14, -12.15, -9.20, -19.53, -18.45, -24.59, -24.59
2018-03-09, 20:20:29, 860231000, 860516000, 17812.50, 158517, -25.32, -25.61, -22.21, -26.08, -26.24, -25.99, -25.84, -25.20, -21.89, -21.89, -13.41, -10.88, -8.10, -18.68, -22.39, -24.29, -24.29
2018-03-09, 20:20:30, 860231000, 860516000, 17812.50, 159543, -24.81, -25.20, -21.76, -25.71, -25.83, -25.66, -25.44, -24.82, -21.90, -21.90, -17.74, -10.16, -7.21, -17.85, -21.73, -23.74, -23.74
2018-03-09, 20:20:31, 860231000, 860516000, 17812.50, 159030, -24.67, -24.99, -21.70, -25.50, -25.61, -25.40, -25.15, -24.53, -21.18, -21.18, -13.18, -10.24, -7.27, -17.66, -21.56, -23.51, -23.51
2018-03-09, 20:20:32, 860231000, 860516000, 17812.50, 160569, -24.55, -24.84, -21.66, -25.36, -25.54, -25.27, -24.50, -24.37, -21.11, -21.11, -13.16, -10.29, -7.25, -17.64, -21.46, -23.46, -23.46
2018-03-09, 20:20:33, 860231000, 860516000, 17812.50, 160056, -25.99, -25.99, -21.98, -26.34, -26.51, -26.28, -26.15, -25.57, -22.07, -22.07, -11.11, -12.89, -10.26, -20.16, -23.55, -25.14, -25.14
2018-03-09, 20:20:34, 860231000, 860516000, 17812.50, 160056, -27.02, -26.68, -22.22, -26.72, -26.84, -26.58, -26.40, -25.80, -20.93, -20.93, -7.19, -17.10, -23.11, -25.05, -26.22, -26.75, -26.75
2018-03-09, 20:20:35, 860231000, 860516000, 17812.50, 159543, -24.93, -25.21, -22.32, -25.49, -25.62, -25.44, -25.20, -24.56, -20.68, -20.68, -9.59, -11.13, -8.48, -18.58, -22.18, -23.90, -23.90
2018-03-09, 20:20:36, 860231000, 860516000, 17812.50, 160569, -26.17, -26.19, -21.59, -26.50, -26.68, -26.56, -26.45, -25.97, -22.84, -22.84, -13.30, -13.24, -10.66, -20.61, -23.95, -25.42, -25.42
